<?xml version='1.0' encoding='UTF-8'?>
<metadata>

<fimd:file-item-md xmlns:fimd="http://easy.dans.knaw.nl/easy/file-item-md/" xmlns:addmd="http://easy.dans.knaw.nl/easy/additional-metadata/" version="0.1"><name>journal.pone.0174844.pdf</name><path>journal.pone.0174844.pdf</path><mimeType>application/pdf</mimeType><size>1144682</size><creatorRole>ARCHIVIST</creatorRole><visibleTo>ANONYMOUS</visibleTo><accessibleTo>KNOWN</accessibleTo></fimd:file-item-md>

<fimd:file-item-md xmlns:fimd="http://easy.dans.knaw.nl/easy/file-item-md/" xmlns:addmd="http://easy.dans.knaw.nl/easy/additional-metadata/" version="0.1"><name>DANS_DATADEPOSIT_INTRODUCTION.pdf</name><path>DANS_DATADEPOSIT_INTRODUCTION.pdf</path><mimeType>application/pdf</mimeType><size>294377</size><creatorRole>ARCHIVIST</creatorRole><visibleTo>ANONYMOUS</visibleTo><accessibleTo>KNOWN</accessibleTo></fimd:file-item-md>

<fimd:file-item-md xmlns:fimd="http://easy.dans.knaw.nl/easy/file-item-md/" xmlns:addmd="http://easy.dans.knaw.nl/easy/additional-metadata/" version="0.1"><name>DATA_Statistical_analysisPerformed.csv</name><path>DATA_Statistical_analysisPerformed.csv</path><mimeType>text/plain</mimeType><size>1346</size><creatorRole>ARCHIVIST</creatorRole><visibleTo>ANONYMOUS</visibleTo><accessibleTo>KNOWN</accessibleTo></fimd:file-item-md>

<fimd:file-item-md xmlns:fimd="http://easy.dans.knaw.nl/easy/file-item-md/" xmlns:addmd="http://easy.dans.knaw.nl/easy/additional-metadata/" version="0.1"><name>DATA_CODES_DATA.csv</name><path>DATA_CODES_DATA.csv</path><mimeType>text/plain</mimeType><size>1383</size><creatorRole>ARCHIVIST</creatorRole><visibleTo>ANONYMOUS</visibleTo><accessibleTo>KNOWN</accessibleTo></fimd:file-item-md>

<fimd:file-item-md xmlns:fimd="http://easy.dans.knaw.nl/easy/file-item-md/" xmlns:addmd="http://easy.dans.knaw.nl/easy/additional-metadata/" version="0.1"><name>DATA_DATA.csv</name><path>DATA_DATA.csv</path><mimeType>text/plain</mimeType><size>57652</size><creatorRole>ARCHIVIST</creatorRole><visibleTo>ANONYMOUS</visibleTo><accessibleTo>KNOWN</accessibleTo></fimd:file-item-md>

<fimd:file-item-md xmlns:fimd="http://easy.dans.knaw.nl/easy/file-item-md/" xmlns:addmd="http://easy.dans.knaw.nl/easy/additional-metadata/" version="0.1"><name>DANS_DATADEPOSIT_INTRODUCTION.docx</name><path>DANS_DATADEPOSIT_INTRODUCTION.docx</path><mimeType>application/vnd.openxmlformats-officedocument.wordprocessingml</mimeType><size>18311</size><creatorRole>ARCHIVIST</creatorRole><visibleTo>ANONYMOUS</visibleTo><accessibleTo>KNOWN</accessibleTo></fimd:file-item-md>

<fimd:file-item-md xmlns:fimd="http://easy.dans.knaw.nl/easy/file-item-md/" xmlns:addmd="http://easy.dans.knaw.nl/easy/additional-metadata/" version="0.1"><name>DATA.xlsx</name><path>DATA.xlsx</path><mimeType>application/vnd.openxmlformats-officedocument.spreadsheetml</mimeType><size>76918</size><creatorRole>ARCHIVIST</creatorRole><visibleTo>ANONYMOUS</visibleTo><accessibleTo>KNOWN</accessibleTo></fimd:file-item-md>
</metadata>
